metric,no_ips,with_ips,delta,delta_percent
throughput_bps,11909.548538562793,6668.609969781969,-5240.9385687808235,-44.0061900903364
avg_delay_s,0.2655183258703199,0.14823251904793155,-0.11728580682238837,-44.17239617564897
avg_jitter_s,0.48345410976004094,0.26295600984154677,-0.22049809991849417,-45.60889967983452
packet_loss_pct,49.36708860759494,46.85990338164252,-2.507185225952419,-5.078657252570285
